t,qx,qy,qz,qw
0.0,0.7085188752614127,0.0973681393537597,-0.18550289038370968,0.6738761952290487
0.02,0.7098291906573794,0.1042677761225399,-0.18650142269042908,0.6711840062811357
0.036,0.7109203472549154,0.10957025029859205,-0.18711292415595177,0.6690107426060239
0.06,0.7126249618462739,0.11714579020876562,-0.18773357841143773,0.6657316509876913
0.08,0.714103549005218,0.12311761837237352,-0.18798390923239666,0.6629933809731233
0.1,0.7156273972891527,0.12879048806678312,-0.18799347490131446,0.6602642590866189
0.124,0.7175061812178908,0.13523862515753382,-0.18771937420824067,0.6570059594299628
0.144,0.7191002535890808,0.14037754266160302,-0.1873184517460596,0.6542940993466689
0.16,0.7203899116377682,0.1443494501244928,-0.18689782996427146,0.6521279112366923
0.18,0.7220180932242375,0.14913591836733184,-0.18624202757410946,0.6494322582645966
0.196,0.7233319530918407,0.1528195095769163,-0.1856111471464514,0.6472909586762295
0.216,0.7249855242714278,0.1572390581878501,-0.1846847051760659,0.6446420928322246
0.232,0.72631599897728,0.16062435341209708,-0.18384072496640075,0.6425476438089316
0.252,0.7279840408333151,0.16468206985383146,-0.18265779098948925,0.6399649861918199
0.276,0.7299871398157344,0.16930884679383584,-0.18105506018691278,0.6369241362059521
0.3,0.7319847024080884,0.173680322707344,-0.179254558411365,0.6339568946178924
0.316,0.7333085468524636,0.17645816252621951,-0.1779468619989452,0.6320253209292545
0.336,0.7349500589339915,0.17978344521623188,-0.17619322903794965,0.6296683807690245
0.36,0.7368992630278403,0.1835600829999835,-0.17393194932864686,0.6269233199369777
0.376,0.7381840963486559,0.18595906116085156,-0.17233815425300394,0.6251424062233827
0.4,0.7400827711605759,0.18939437198332823,-0.16981188023654992,0.6225521576726333
0.42,0.7416370762447726,0.19213042722645204,-0.16760140165993648,0.6204596008077489
0.448,0.7437580082487883,0.19590569667693242,-0.1644381284033244,0.6175800232379063
0.472,0.7455057192961507,0.19918749518514473,-0.16160795353194365,0.6151653709481818
0.492,0.7469287368898666,0.20186769879323294,-0.1592288957340709,0.6131827239537505
0.508,0.748045822310964,0.20397151285443796,-0.15729743353752748,0.6116212774826368
0.524,0.749146399184771,0.20603394934665487,-0.1553375932077343,0.6100818932254427
0.548,0.7507702463896311,0.20903894985219101,-0.15234628586238305,0.6078135929416874
0.568,0.7521028381738597,0.21145542732390288,-0.149807882417315,0.6059583495849616
0.584,0.7531617192588475,0.213313031633337,-0.14775338304361255,0.6044947584368449
0.6,0.7542250151207767,0.2150633005283973,-0.1457067833439406,0.6030438927801679
0.616,0.7552886132749381,0.2167382783543085,-0.14364570997715118,0.601605800635592
0.632,0.7563483801927126,0.21835495263876392,-0.14155079174909455,0.6001846514142024
0.648,0.7574062145879245,0.2199136520235057,-0.13942288637296238,0.5987779809851959
0.668,0.7587358312340873,0.22174855927249792,-0.13674885947321797,0.5970320462880231
0.692,0.7603344456270548,0.22383267607504867,-0.13347527058901187,0.5949578271232944
0.712,0.7616670513790165,0.225483686384078,-0.13067699457076465,0.593248626722552
0.732,0.7630091765431268,0.22703998016203025,-0.12782168490055906,0.5915500492673352
0.752,0.7643654094200217,0.22850091816931406,-0.12491429531421169,0.5898552959023907
0.772,0.7657256429852388,0.22989571509783976,-0.12194398063392223,0.5881682288611392
0.792,0.7670911462631352,0.23123291469170842,-0.118917607895698,0.5864819818376787
0.812,0.7684669253832748,0.23255859774751245,-0.1158789736919482,0.5847624702918168
0.836,0.7701358852321911,0.23416966871033915,-0.11225570757799104,0.5826267592978237
0.856,0.7715403296656316,0.23552056977964783,-0.10924374269804664,0.5807937547799922
0.88,0.7732283971251923,0.2371836338731448,-0.1055868030967213,0.5785440317847469
0.896,0.7743649430878885,0.23827436068104973,-0.1031349405412509,0.5770159859120725
0.912,0.7755124862418379,0.23934024966800635,-0.10067277073930407,0.5754664384684229
0.932,0.7769635806200254,0.2406313240047068,-0.09757788181948536,0.5735004073908526
0.948,0.7781360359105619,0.24163810955294301,-0.09507365023930035,0.5719058791962641
0.972,0.7799238348267162,0.24305956251482833,-0.09128654936055476,0.5694801373578646
0.996,0.7817628457975584,0.2443244693361273,-0.08750120830074157,0.5670061244466703
1.016,0.7833210400005755,0.24530235621742896,-0.0842972652197424,0.564914925810132
1.036,0.7849049461590746,0.24619580283072848,-0.08104777542101631,0.5627993516901543
1.052,0.7861931776506746,0.2468332032422896,-0.0784199427209111,0.5610917659138603
1.072,0.7878276635221559,0.24753215726732763,-0.0750890291123239,0.55894278903549
1.092,0.7894838838821024,0.24813198257149616,-0.0716876235168502,0.556782364079607
1.116,0.7915320350437509,0.24862069336279521,-0.06757301686120903,0.5541648452613862
1.132,0.7929266520831695,0.24882898392715125,-0.06480460887051359,0.552405488606963
1.152,0.7947031836870272,0.2490122613430042,-0.06134259327374196,0.5501607308678063
1.172,0.7965161691755857,0.24911957113736855,-0.057884445162106786,0.5478602217048236
1.192,0.7983579677548148,0.24914825803603977,-0.054416141008376544,0.5455168049086716
1.212,0.8002177956677266,0.24909671813231785,-0.05092075650403942,0.5431476604657794
1.236,0.8024772310817675,0.2488719316423182,-0.04670760879529093,0.5402883068479153
1.252,0.8039901724084162,0.24863311827252008,-0.04387060471125125,0.5383834555510014
1.272,0.805875909658832,0.24825088629626263,-0.0402765224962401,0.5360161540665356
1.288,0.8073773080969117,0.24787041935867732,-0.03736181383320936,0.5341406485601248
1.308,0.8092384896588283,0.24730562743853265,-0.033666934915844056,0.5318265986064485
1.336,0.8117973997082754,0.24636307992160605,-0.02838839219621896,0.5286627600530766
1.356,0.8135831168240147,0.24558122961161036,-0.024544505078717485,0.5264693143496705
1.38,0.8156708804658156,0.24452539714650579,-0.019851920815307914,0.5239219847939266
1.404,0.8176920391687346,0.24335224879768255,-0.015081279519435708,0.5214709647652916
1.424,0.8193205592646365,0.24230200203523936,-0.011043676162233037,0.5195012975853109
1.44,0.8205897579681104,0.24146475416916102,-0.007778961720698874,0.5179446972085074
1.46,0.8221530776465237,0.24039968405390882,-0.00370758235385178,0.516002483188036
1.48,0.823691050628447,0.23928666343978464,0.000359024704934564,0.5140766644341305
1.5,0.8252095567258354,0.2380827941500786,0.004416842158606757,0.5121779594275682
1.516,0.8263985670167908,0.2370752877616633,0.0076748820941362,0.5106875880126325
1.54,0.8281380987093137,0.23547095086694012,0.012578805132467882,0.5085100730815287
1.56,0.8295457298359076,0.2340436347119036,0.016676270474675556,0.506753748052156
1.576,0.8306449684516216,0.23283123703831032,0.019949201420580185,0.5053915124019159
1.596,0.8319749215227923,0.23124903989580023,0.024053954047464257,0.5037489640675171
1.612,0.8330105561222024,0.22989962422172686,0.027322441960145293,0.5024868757858479
1.628,0.834011939308875,0.22850624225846092,0.030597785087685892,0.5012711420846953
1.652,0.8354472285237599,0.2263368617701246,0.035525703647189814,0.4995372636114268
1.668,0.8363564197495225,0.2248362692458664,0.03882250081163451,0.4984469927746495
1.684,0.8372254825100919,0.2232917580692005,0.04213022565405263,0.49741263182638235
1.708,0.8384496591065643,0.22088519544100835,0.04711082023475795,0.49597627987221515
1.728,0.8393975192636383,0.21878570364783312,0.051275774625515254,0.4948892961763531
1.748,0.8402926759022762,0.21655006443892252,0.05542648800175737,0.4939050443600286
1.772,0.8412832655156476,0.21380237304913355,0.06041286858939189,0.4928298872336056
1.788,0.8419102660764342,0.21197583500108197,0.06372342840150537,0.4921307488091557
1.808,0.8426584137264196,0.2096793878036118,0.06783568646947612,0.491283697823968
1.828,0.8433600854109818,0.20736490750908895,0.07192464485618934,0.4904797721941644
1.844,0.8438826861290561,0.20550057471031238,0.07518344831021699,0.48987648948028223
1.864,0.8445132019725435,0.2030307118744713,0.07917175732385412,0.48919097965117875
1.884,0.8451010262487205,0.2004601068302945,0.083093137419641,0.4885852346486813
1.9,0.8455249378515959,0.19839115383066003,0.08621406341239447,0.48815536955227473
1.92,0.8459970929298474,0.19578924197596717,0.09008914338968543,0.4876878486532507
1.94,0.8464053021547847,0.19318240035275913,0.09393170191930184,0.487294018076107
1.956,0.8466825925249516,0.1911094482381884,0.09698178386609542,0.48703213436843346
1.972,0.8469142024778441,0.18905647178971535,0.1000110846571699,0.4868180019898999
1.992,0.8471574196958145,0.186440766913403,0.1037317797291461,0.48662497321992804
2.012,0.8473212363208883,0.18392608995459722,0.10745014787325312,0.4864898576904464
2.028,0.8474046206008652,0.1819499006917112,0.11038690677636247,0.4864302349103383
2.052,0.8474531609667209,0.17905326620963516,0.11471970234783697,0.48641798663330543
2.068,0.8474365313005067,0.177181523293643,0.1175564824072713,0.48645504074347784
2.088,0.8473626478924501,0.1749225641820423,0.12103807294921765,0.4865474533829304
2.112,0.8472256175855549,0.1723031073616686,0.12508024252849514,0.48669839226085526
2.132,0.8470994323686807,0.17022669639235802,0.12831141403395127,0.4868075641817936
2.148,0.8469877505519903,0.16864638154137537,0.130815052459213,0.48688558251192227
2.172,0.846801649416251,0.16638253642139,0.13443681621415016,0.48700160222129074
2.196,0.8465932235666069,0.164242350382629,0.13790195383982823,0.4871215610902978
2.212,0.8464401030873366,0.16289323371568948,0.14013255614848952,0.48720407736638993
2.232,0.8462373910657995,0.16123234908233397,0.14281439320071382,0.4873299258882563
2.248,0.8460634352627568,0.15992962115763082,0.1448823636676667,0.4874507980153789
2.264,0.8458769458174136,0.15866895594400585,0.14689186290504902,0.48758500342661054
2.28,0.8456796946036,0.15743589415621204,0.14884071517084635,0.4877358248825144
2.304,0.8453632716884191,0.15565213464259295,0.1516571917943986,0.4879891884442658
2.328,0.8450258346519867,0.15395996621367997,0.1543471675999251,0.48826695508510165
2.344,0.8447895350350526,0.15288788048559976,0.15607382651607474,0.48846381459890226
2.364,0.8444839982822779,0.1515779347259848,0.15815464106948635,0.4887310260844554
2.38,0.8442316405764729,0.15056958844262464,0.15975908520098137,0.4889568189334526
2.4,0.8439141914068954,0.14936820327908681,0.1616923798100149,0.4892377251424887
2.424,0.8435731827919317,0.14805941559182725,0.1638990171406232,0.48948933278390716
2.448,0.8432738024276103,0.1468655830332275,0.16598217578023416,0.4896628554248826
2.464,0.843092346415676,0.14612156369022197,0.167307882089787,0.4897467270239426
2.48,0.8429246909253882,0.14539775929941925,0.16858045897698676,0.4898143381630998
2.5,0.8427373727001957,0.14447526033168606,0.17008076244442907,0.4898909613911903
2.52,0.8425655337221486,0.14359225685607704,0.1715191769168149,0.4899446469799089
2.54,0.842405515892678,0.1427381399246713,0.1729003305290464,0.4899839241315807
2.564,0.8422260603526407,0.14175920967142427,0.17449585227213046,0.49001100730088326
2.58,0.8421126155171755,0.1411310223710803,0.17552372660802146,0.4900202023477684
2.596,0.8420029658932694,0.14051651041420332,0.1765256254238949,0.4900253251584612
2.616,0.8418762987717048,0.13968976555402668,0.17771867527450072,0.49004809909292874
2.636,0.8417533368702054,0.1388833072126793,0.1788842124403162,0.4900644706415177
2.652,0.8416571581923163,0.13824640773499872,0.1797950037375182,0.49007643836755554
2.668,0.8415633315159003,0.13761398295343277,0.18068568666808682,0.49008798534225795
2.688,0.8414489114065712,0.1368464673916821,0.1817828177246952,0.49009364516914916
2.704,0.8413569436126814,0.13628801506356458,0.1826709627940194,0.49007692226493066
2.724,0.8412452625255181,0.13560277524345002,0.1837572646549301,0.4900526127990589
2.74,0.8411742487234132,0.13503144803213712,0.1845911008007682,0.4900188943623565
2.768,0.8411212356233698,0.1340681106283274,0.1859953182948488,0.48984339361510637
2.788,0.841123267865972,0.1333896096194426,0.18696290412915634,0.48965674995820585
2.808,0.8411468346419706,0.1327053746013213,0.1879061848082334,0.48944106063399534
2.824,0.8411750227338112,0.13215096281030814,0.18864762160303092,0.48925737502934014
2.844,0.8412196262978615,0.13140771530335738,0.18953087940849045,0.4890394651157332
2.864,0.8412640528610118,0.13060389793973773,0.19037939845608598,0.4888487494617431
2.884,0.8413006402758407,0.12975643071483642,0.19121010813340547,0.4886872168444941
2.908,0.8413252762710854,0.12871544589161382,0.19220797664120362,0.48852861452713214
2.928,0.841328238739671,0.12783451098948007,0.19304824319934583,0.48842349277745645
2.948,0.8413113065102698,0.1269359090055447,0.19389540756683507,0.48835144257738206
2.964,0.8412823559191053,0.12620776304624348,0.19458142371849657,0.488317179412875
2.992,0.841201484045826,0.12483609044329572,0.19576624402652928,0.4883355316395469
3.016,0.841095755265017,0.12361061671225657,0.19679615834867,0.48841541536932614
3.036,0.8409995232034875,0.12257907195522767,0.19766709001888658,0.4884894007177303
3.056,0.8409327843955188,0.12155546541999528,0.19854305166457908,0.48850483886144325
3.076,0.840893201169921,0.12054469876906206,0.1994223154643736,0.4884652903940125
3.096,0.8408735019113318,0.11954906826197731,0.200311184784103,0.48838018316825216
3.112,0.8408695670989671,0.11872000260610886,0.2010112360430172,0.48830156163221494
3.128,0.8408736330009986,0.11787536795305671,0.201702708556572,0.4882140394484536
3.148,0.8408830045319897,0.11683010823136483,0.2025747815293394,0.4880880621242869
3.164,0.8408902425500123,0.11600415709237642,0.2032773623750688,0.4879804806212064
3.184,0.8408972620966803,0.11498652226436233,0.20416291136344641,0.4878395227115736
3.204,0.8409016646919063,0.11399188126227068,0.20505773307554787,0.48769003212141476
3.224,0.8409027938827761,0.11302347009250187,0.20596129992036802,0.487532695707173
3.244,0.840898754591839,0.11208126496933621,0.2068736431249348,0.4873708755649896
3.264,0.84088879507146,0.11114048632992156,0.20776626204158583,0.4872237750550395
3.284,0.8408689918533452,0.11023242706383816,0.2086640138985006,0.48708056814753037
3.3,0.8408425318588525,0.10952843280141335,0.20938503199131736,0.48697563327465976
3.316,0.8408048146757783,0.10884227094535787,0.21010946885815301,0.4868825677405513
3.336,0.8407387171133855,0.10801750176101699,0.2110298211438953,0.4867823368280971
3.356,0.8406485680542746,0.10721660569044843,0.2119620354964848,0.48671005742711304
3.376,0.8405328370532619,0.10643722288191142,0.21290717674556714,0.48666847186828627
3.392,0.8404217864055099,0.10582077100900202,0.21366562952794635,0.48666228959768215
3.412,0.8402762905160256,0.10503321266444242,0.21459954687019314,0.4866732110124016
3.432,0.8401478419190542,0.10426088815576788,0.21555438603477067,0.48663906294182707
3.456,0.8400025164018299,0.10334651311420698,0.21673212429525107,0.48656187372645254
3.48,0.8398428774835215,0.10245849731598373,0.21796647193230276,0.4864738580657072
3.5,0.8396864176922084,0.10169929702602042,0.21901390752475997,0.48643281266622573
3.52,0.8395060477148131,0.10093796287758584,0.22010227581361116,0.4864114633538627
3.536,0.8393412578508458,0.1003222911485547,0.2210039061354725,0.4864143955938474
3.556,0.83910769707877,0.09954367020689267,0.22216961637440946,0.4864462889003804
3.576,0.8388435023161989,0.09874770046428898,0.22338202478332056,0.48650893237289317
3.596,0.8385483754324333,0.09793034489732792,0.22464786602210277,0.48660004716361527
3.616,0.8382240731566919,0.09707462112096325,0.22596518821157935,0.4867203045192709
3.632,0.8379416088096453,0.09638845527835174,0.22707332977668945,0.4868273090313273
3.648,0.8376386251544705,0.0956795838246146,0.22821919950013014,0.48695271625487085
3.664,0.8373140878284406,0.09494650722285417,0.2294027621049169,0.48709819526337994
3.684,0.8368734024859562,0.09399487070764358,0.2309371312194999,0.4873150048134572
3.708,0.8362850413021332,0.0928255826516026,0.23287727202912611,0.48762579615105706
3.728,0.8357443657778412,0.09181120905337635,0.23456848477295664,0.4879340968963642
3.748,0.8351731424899766,0.09074192854023419,0.23632395093683062,0.4882650045639383
3.772,0.8344810590258934,0.08941350466242787,0.2385341709282783,0.4886184980233191
3.788,0.8340080984532618,0.08849571704278565,0.24006353591418478,0.4888440431301548
3.808,0.8333926492424233,0.08730622749799014,0.24202579687207593,0.4891398864100137
3.832,0.8326009017214636,0.08582386149523291,0.2444499885005973,0.4895448971981126
3.852,0.8318833083550894,0.08454551917076213,0.2465272269469163,0.48994544884323726
3.872,0.8311107608981694,0.08320583868033019,0.2486311107648202,0.49042253444210787
3.888,0.8304501408835807,0.08211062760367509,0.25034456316257303,0.49085436540374383
3.908,0.8295691853555252,0.08071703434265404,0.2525206674429392,0.491460109866172
3.932,0.8284263023369904,0.07902297410372389,0.25518280120516795,0.49228748626097274
3.948,0.8276123041617687,0.07788199838392011,0.2569814338002157,0.49290243558919505
3.964,0.8267580537348105,0.07673635377255379,0.2587987875297147,0.4935644235228786
3.988,0.8253989029067121,0.07498620750943939,0.26154976511115924,0.4946568913237182
4.004,0.824442064500927,0.0738121141123673,0.2634007756719816,0.4954463497363872
4.024,0.8231925503922917,0.07234992581525201,0.2657332649482456,0.496493046389481
4.044,0.8218856915653013,0.07090112118197457,0.2680852406871825,0.4976014918999548
4.064,0.8205236577111318,0.06947410386920598,0.27045725741058246,0.4987656242583907
4.08,0.8194066929346109,0.06834855281723308,0.27236658313640644,0.49971751149259663
4.1,0.8180091036640454,0.06695499692649583,0.274780014464984,0.500873315679665
4.12,0.8166069026001008,0.06554400490616312,0.2771861309292411,0.5020209147706977
4.136,0.8154780537247084,0.06442863146509688,0.27912072679338534,0.5029275446972742
4.156,0.8140520837001585,0.06306646883588289,0.28154983619384427,0.5040550716650137
4.176,0.8126090141742084,0.06174561038608594,0.28398564378625224,0.5051793976442219
4.196,0.811149595944176,0.060475270225414865,0.28642713792820546,0.5062988932923121
4.224,0.8090827688713882,0.058793026940126385,0.2898560261719872,0.507850309826045
4.244,0.8075913173741845,0.05765670557083266,0.292311486013286,0.5089459338173871
4.26,0.8063906469718616,0.05679056245665242,0.29428176701211095,0.5098109434843364
4.276,0.8051818648841353,0.05596283391269505,0.2962557881771294,0.5106690059654239
4.296,0.803658171938956,0.05497799012927156,0.29872385641778093,0.5117372576664418
4.32,0.8018140087361283,0.053869227808132206,0.301684316654344,0.5130097219104696
4.34,0.8002655511283099,0.05300722033617875,0.3041519552443105,0.5140592090319921
4.364,0.798387718508508,0.05202361334126392,0.3070980700373912,0.5153264693075716
4.38,0.7971357421641775,0.05139123806476166,0.30906429886047815,0.5161519237437928
4.4,0.795594469344579,0.05061396635405899,0.3115449149419027,0.5171145257407402
4.416,0.7943723685824577,0.05000140626938384,0.3135410287137877,0.5178459449651794
4.432,0.7931542543635677,0.049402070202052006,0.31554598063809636,0.518552310136467
4.452,0.7916327713269411,0.048674371524997456,0.3180617921552743,0.5194083723707663
4.48,0.7894873699064916,0.04769997369513047,0.32160873113585886,0.5205787445956637
4.5,0.7879289822765316,0.04701822374588668,0.32416553381051344,0.5214152972571823
4.524,0.7860330436211508,0.046235691288562794,0.3272393688227116,0.5224257944237175
4.544,0.7844264051830928,0.0456213626755902,0.3298039023018908,0.5232812744075577
4.564,0.7827937639543203,0.04504460454784785,0.33236422749882355,0.5241554416339358
4.584,0.7811383246413891,0.044508451463423374,0.33490826818748215,0.525050823658466
4.604,0.7794589343973268,0.044015701138105566,0.3374289936797814,0.5259734421677151
4.62,0.7780972538371219,0.04366721857571946,0.33943441181018125,0.5267277453030798
4.644,0.7760261337718477,0.043212416469996295,0.3424031348112227,0.5278979257748505
4.66,0.7746272997339493,0.042957675483974,0.34435157651763626,0.5287051885254415
4.676,0.7732163260313644,0.042743637487649894,0.3462738638583523,0.5295317798031488
4.7,0.771077548136022,0.04250514437188062,0.3491149781413378,0.5308026558899639
4.72,0.769277801159532,0.042378263418944226,0.35143350301367504,0.5318930723296623
4.74,0.7674615310000216,0.04232289582488198,0.3537154416721734,0.5330074645319317
4.76,0.7656429080442513,0.042311501645485416,0.35597470843738444,0.5341186021315543
4.78,0.7638393810291839,0.042321661477166345,0.35823013631846734,0.5351910372867037
4.8,0.7620425870585587,0.042357936309634754,0.36047387418082316,0.5362420039252391
4.82,0.7602414620137041,0.042433626683622536,0.3627072469556502,0.5372855477002834
4.84,0.7584255958288812,0.04255344637960238,0.3649261544865706,0.5383388538499412
4.856,0.7569573986900511,0.042662638252789174,0.3666692521161953,0.5392115126907556
4.88,0.7547206631618121,0.04281987095703442,0.36919780808965263,0.5406072120769511
4.9,0.7528252517269756,0.04299641821585514,0.37127499438202816,0.5418120771350969
4.916,0.7512875136684942,0.04315985526523388,0.37291311440442454,0.5428076158313264
4.932,0.7497303319393962,0.043339945189253465,0.37452836400861866,0.54383323093947
4.956,0.7473624450262417,0.04364129606357291,0.3769112275086318,0.5454197829380831
4.976,0.7453638478452926,0.043899095427611494,0.3788497780466034,0.5467892184561949
4.996,0.7433409547627757,0.04417053602960899,0.38075686280321214,0.5481946735854681
5.012,0.7417077313626086,0.04440503040458911,0.3822654206065943,0.5493368572380372
5.036,0.7392340771035649,0.04478462853426689,0.3845046091031541,0.5510748786456511
5.056,0.7371558750966077,0.04512743347429622,0.3863543846484788,0.5525350848783023
5.072,0.7354835572045858,0.04541619407957774,0.38782128331537824,0.5537110786363483
5.092,0.7333889617589108,0.045782667422027544,0.3896530404046922,0.555171222450597
5.112,0.7313082621632923,0.04612722635629197,0.3915195926312852,0.556572469015683
5.128,0.7296489272413655,0.046388678672618276,0.3930314937972489,0.5576618853302027
5.148,0.727574012677998,0.04669914412062068,0.3949313612223469,0.5590031001140351
5.172,0.725076102343375,0.047055327603832894,0.3972155024020356,0.5605981507337799
5.192,0.7229833800360871,0.04732844095963245,0.3991117976674887,0.5619295541529659
5.208,0.7212989287240632,0.04753769010186142,0.40062432346760923,0.5629992672174794
5.232,0.7187580472936509,0.047848657982762804,0.40288297110472704,0.5646084368601785
5.248,0.7170559264460303,0.04805544290242343,0.40438131971584074,0.5656829686502431
5.268,0.7149149382377223,0.0483093007463817,0.40624638701639115,0.5670332579153341
5.288,0.7127567025348472,0.04855727254156739,0.40809569102556975,0.5683994908876485
5.304,0.7110171168933288,0.04874925856409581,0.4095652704887973,0.5695036948814183
5.32,0.7092654919769148,0.04892602536641881,0.4110239726734064,0.570620714503391
5.348,0.7061665784056694,0.04920647749644233,0.41355802215649073,0.5726056657292462
5.368,0.7039206164672587,0.04935762753588546,0.4153201011158429,0.5740808339646163
5.388,0.7016514729087876,0.04948489968789571,0.41707023814234073,0.5755769902660277
5.408,0.6993592660324774,0.049586195568731235,0.41880853353463515,0.5770937865391574
5.428,0.6970518012703121,0.04964834253482318,0.42055732378841154,0.5786063997548657
5.448,0.6947463250746205,0.04963701503923405,0.4223524978642594,0.5800707526510239
5.472,0.6919776863323266,0.04954543279090396,0.4245566859034003,0.5817763764217692
5.492,0.6896591656329841,0.04939709582603884,0.426403067591736,0.5831900085998789
5.516,0.6868594135780361,0.04916609270576282,0.4286306642389409,0.5848782736444986
5.536,0.6845118919923282,0.04895681811636909,0.43049608933735306,0.5862762290475793
5.556,0.6821544117912378,0.04874193848420133,0.4323599188967511,0.5876686842415099
5.588,0.6783661928699805,0.04840411398099683,0.4353064294986336,0.589902248307255
5.604,0.676471420824386,0.0482311086125601,0.4367273281074707,0.591040961231918
5.628,0.6736312296087436,0.0479923817381766,0.4388031558578449,0.5927642770951244
5.648,0.6712664975566809,0.04782717539746525,0.44048595128288326,0.5942103813245779
5.668,0.6689047204886712,0.047706660398897725,0.44212429391210456,0.5956648874948731
5.684,0.6670198985824715,0.04764740913675522,0.4434026510075752,0.5968318593850689
5.7,0.6651405534043281,0.04761906185442036,0.4446483538277344,0.5980036041725627
5.72,0.6628023293652638,0.047628834191523146,0.44616066892991524,0.5994707864788302
5.74,0.6604754847653027,0.047689641452311624,0.44761352235946367,0.6009492214182013
5.768,0.6572472478199689,0.04783606226027849,0.4495831156533803,0.6030031413681909
5.792,0.6545212805977042,0.04795955576407062,0.4512638617228347,0.6047005055055343
5.812,0.6522721534514683,0.0480785237461518,0.4526464590723854,0.6060863605752949
5.836,0.6495972396793311,0.048259815934515664,0.45426426368822775,0.6077321738255699
5.856,0.6473840171631762,0.048453439846485084,0.4555596806157357,0.6091071957266638
5.876,0.6451824248883138,0.048701784929245075,0.45680474763450085,0.6104893097332017
5.896,0.642990025120399,0.049011266633751875,0.4579930690623064,0.6118856690832964
5.912,0.6412415345919276,0.04929758520896069,0.4588897777913479,0.6130246440766983
5.932,0.639062534024931,0.04970208758978142,0.45994374386397224,0.6144758193576412
5.948,0.6373243733553042,0.050059774428345916,0.4607305577585846,0.6156614453243888
5.968,0.6351546342431329,0.05055211883751588,0.46164018766426035,0.6171802095124376
5.984,0.6334152987488141,0.05098103379008827,0.4623012724453238,0.6184363564669197
6.004,0.6312410551888197,0.05156452736984049,0.4630478273290072,0.6200504329222877
6.028,0.628634577873649,0.05233832702376611,0.4638418810736946,0.6220369574132949
6.048,0.6264640323478696,0.053038978306311706,0.4644213158059945,0.623732734734757
6.064,0.6247306992718487,0.053608009409786064,0.4648566940141718,0.6250967835020766
6.084,0.6225703746356932,0.05430619831694891,0.4653894797549252,0.6267931058840494
6.108,0.6199862436923291,0.05514023863004854,0.46599402479171015,0.6288292141547817
6.124,0.6182686608214291,0.05570596256062737,0.4663692292552558,0.6301908050623475
6.144,0.6161284399363834,0.05643357221636441,0.46679838236463556,0.6319021029006141
6.164,0.613996184627109,0.057190294839431874,0.4671709082566518,0.6336318315222074
6.188,0.611445742606711,0.05814803325868506,0.46753550786545095,0.6357385146121554
6.208,0.6093299255304663,0.05898474926632634,0.46777149251415245,0.6375168013457427
6.228,0.6072231413953886,0.05985442541309761,0.46794329668992835,0.6393172728742322
6.244,0.6055460786345227,0.060575462163610365,0.46801717097289647,0.640784275484772
6.268,0.6030424158070625,0.06170969022193071,0.4680459500159263,0.6430122452519736
6.288,0.6009682413180937,0.06269798819670494,0.4680018876615421,0.6448878726944373
6.304,0.5993170805453377,0.06351098508510788,0.4679267424828556,0.6463976759004597
6.328,0.5968571510000492,0.06476053670301414,0.4677509478041085,0.6486730031490444
6.348,0.5948224393445001,0.06582508887102222,0.4675660911502738,0.6505653493184481
6.372,0.5923773386789949,0.06707281881903103,0.46739513502219265,0.6527879543564259
6.388,0.5907538341153906,0.06787199401229499,0.46729645218561866,0.6542456157143849
6.408,0.5887305643245143,0.06885166965636849,0.46717909143033687,0.6560483722607611
6.428,0.5867140317799545,0.06982287109786905,0.4670553043843947,0.6578379391845391
6.452,0.5843091126703517,0.07099561348919413,0.46687842479238245,0.6599750148142451
6.472,0.5823211880920782,0.0719897829698919,0.46669743191204005,0.6617499619143814
6.496,0.5799601768506506,0.0732099902144745,0.4664211128689409,0.6638808899721829
6.512,0.5784009326231438,0.07404740383094563,0.46619722448246376,0.6653040590672973
6.536,0.5760880696090743,0.07534599493148163,0.4657955065171516,0.6674429288038833
6.552,0.5745644732712457,0.07623857645875592,0.4654858286122964,0.6688694109280244
6.572,0.5726803231606576,0.07738331669940555,0.4650539063051891,0.6706518724282284
6.592,0.5708206816693491,0.07856040285711179,0.46457017003897666,0.6724333198105403
6.612,0.5689848886211066,0.07976778413968084,0.46403847592578773,0.6742118287265096
6.632,0.5671749333304832,0.08101079021675353,0.46345344645801656,0.6759887201989435
6.656,0.5650350103338796,0.0825545024327635,0.4627000512466017,0.6781068159231727
6.676,0.5632764567022673,0.08387837208538759,0.46203564890917515,0.6798581551752699
6.696,0.5615392107009413,0.08522501778556477,0.4613346171112907,0.6816016301650056
6.72,0.5594808382706188,0.08686890725844564,0.4604503999332347,0.6836815148598457
6.744,0.5574355521823703,0.08848203780639902,0.4595760764037598,0.6857305331878467
6.764,0.5557333693770141,0.08977560418899477,0.45888154007799153,0.6874070811600815
6.788,0.5536975722374603,0.09128577905597486,0.4580699488853152,0.6893894595717945
6.812,0.5516670512618789,0.0927847190901564,0.45729667400002116,0.6913278617298038
6.832,0.5499790942268165,0.0940133012819391,0.4566566413621487,0.6929279955344307
6.852,0.5482946953818537,0.09522522916242845,0.4560197302609214,0.6945150022568555
6.868,0.5469513063218949,0.09618226641698593,0.4554990528477697,0.6957829065121169
6.892,0.54494714039442,0.09760408749489013,0.45470181747039085,0.697676367285977
6.912,0.5432909197489884,0.09878286419635433,0.45402503326929694,0.6992411539835717
6.928,0.5419747034512215,0.09972187862211401,0.4534762992863979,0.700484270864486
6.948,0.5403372763711562,0.10089001719386186,0.4527844710358322,0.7020278163885136
6.964,0.539034477556222,0.10182078839800096,0.45222925295367294,0.7032517769822294
6.988,0.5370905154559386,0.1031984351797586,0.451408126022548,0.7050635183758516
7.008,0.5354614792790341,0.10428401718938025,0.4507854409010786,0.7065396904907563
7.032,0.5334990973164239,0.10552303284869219,0.4501004453629583,0.7082747996258525
7.052,0.5318617486394721,0.10651487241193298,0.44956872114319046,0.7096940377788932
7.068,0.5305526402083374,0.10729009413203137,0.4491617506752845,0.7108139372574346
7.092,0.5285907207432612,0.10845568721887447,0.4486023117176414,0.7124501244126423
7.112,0.5269631933298693,0.10940871085744479,0.4481610692962083,0.7137865106818552
7.136,0.5250198205151433,0.11053334862936577,0.44765408599776585,0.7153617170330899
7.152,0.52373118720434,0.11127414306306059,0.44731767247116244,0.7164011505644697
7.172,0.5221315799445415,0.11219749427614922,0.4468971235755411,0.7176860709548972
7.192,0.5205462377153537,0.11312643433781693,0.44646851387635084,0.7189575024794197
7.208,0.5192899198128619,0.1138799224820709,0.44611076444686587,0.719968421724774
7.228,0.5177325507110787,0.11484076942392617,0.4456431714275848,0.7212258781909349
7.252,0.5158818804989942,0.11603458467849521,0.445058725672287,0.7227202717748206
7.268,0.5146636754572808,0.11685248790067526,0.44464572655041396,0.7237105603047947
7.284,0.513458262082775,0.11769442175221757,0.44421836083728933,0.724692130550884
7.304,0.5119732063929207,0.11878400785049065,0.44366057607300935,0.7259057023149028
7.32,0.5108037799470168,0.11968223554162162,0.4431911428740574,0.7268681254296315
7.34,0.5093633889484578,0.1208343610804343,0.4425773775660118,0.728061302397001
7.356,0.5082231763435711,0.1217813063488386,0.44209242639105834,0.7289943778787932
7.376,0.5067970775745851,0.12294469078620442,0.44150828539958553,0.7301450260687
7.4,0.5050722701137755,0.12430440670363363,0.4408463413509655,0.7315086600674275
7.42,0.5036257011903601,0.1254242552745976,0.44031951381669443,0.732631309078148
7.436,0.5024668910160608,0.1263232784541775,0.4399044833788297,0.7335213004790301
7.456,0.5010211264589227,0.12745357812142688,0.4393748870652563,0.734631284987422
7.472,0.499866333049272,0.12836694688773712,0.4389403947926307,0.7355181206808469
7.496,0.4981487496083631,0.12974716647712406,0.4382433842728762,0.7368556386401872
7.512,0.4970088568854045,0.13068206804099858,0.4377554636283169,0.7377496508528816
7.532,0.4955912725325352,0.13186867316061823,0.43712467380468,0.7388653214081661
7.556,0.49389887476838373,0.13332313188417022,0.43634075463842464,0.7401996959258297
7.572,0.49277489663884205,0.13430778501159713,0.43579526414337644,0.741091632578632
7.596,0.4910952978355738,0.13581348680010485,0.4349526951882376,0.7424259277500179
7.612,0.48998077995616657,0.13683783381433448,0.4343788604173321,0.7433096583074157
7.632,0.4885905836478516,0.1381375965652261,0.4336464236876824,0.7444111936347529
7.648,0.48748098392810646,0.13918669873328093,0.43304251885567696,0.7452942573690923
7.672,0.48581870363224244,0.14078711317758474,0.43212597504809813,0.7466098831738968
7.692,0.48443007299305196,0.14213395305546878,0.43136347117778734,0.7476971308639766
7.712,0.4830052491723195,0.14345505822771495,0.4306531573860132,0.7487752891050333
7.728,0.4818391284594876,0.14448491542766267,0.4301212611632639,0.7496338200712305
7.744,0.4806617910743956,0.14549290756478916,0.42959969089455047,0.750493279138997
7.764,0.4791702998924011,0.14674601088250844,0.4289712413587011,0.751561777951934
7.788,0.4773580344340273,0.14825091007175972,0.4282417108990666,0.7528346509496074
7.804,0.4761424329421651,0.14926069340000991,0.42776303740258764,0.7536765969497636
7.82,0.4749263926667237,0.1502791962063506,0.4272875765294766,0.754510710115975
7.84,0.4734093767244754,0.15156857811419563,0.426697583893176,0.7555393438183818
7.86,0.47190807482782043,0.1528767720897117,0.42609369666431957,0.7565551025078514
7.88,0.4704292580648583,0.1542036746429055,0.4254647028424337,0.7575601141284904
7.9,0.46896740722297203,0.15555905823794486,0.4248300929894793,0.7585448849298486
7.92,0.4675239311770596,0.15694888195811998,0.4241972249483695,0.7595032169615523
7.936,0.466382147534845,0.1580819459524416,0.42369480237786383,0.7602502911953788
7.952,0.46525166954812386,0.15922775617247917,0.4231975562939648,0.760980442582973
7.976,0.46357712794869826,0.16096799305764936,0.422464263545192,0.7620429762690865
8.004,0.4616312037584153,0.16299516292699592,0.42165445706320187,0.7632409366757623
8.024,0.46020702781894335,0.16440898743423168,0.4211515952000865,0.7640749375927256
8.048,0.4584785354789887,0.16608320710049218,0.42060573121836436,0.7650520372435603
8.064,0.45732429405866354,0.16719364832163972,0.42025908826910924,0.7656912385236376
8.084,0.45588852385308054,0.16859206354194622,0.41983460146793605,0.7664732724237596
8.108,0.4541894443685443,0.1702992968514127,0.41932119568642273,0.7673850617286059
8.124,0.4530804624855374,0.17146148981131626,0.4189646593434946,0.7679763448484367
8.148,0.45145268515834147,0.17325410894239784,0.4184076362728781,0.768835832090598
8.172,0.4498699371604199,0.1751157373239021,0.4178163379248293,0.7696629300829493
8.192,0.4485877632442787,0.17672166638532302,0.41729308015853533,0.7703278240783541
8.216,0.4470865931467575,0.17872057963207005,0.41664107514583903,0.7710919187397323
8.232,0.44610964692950145,0.1800927279709439,0.4161829711733045,0.7715857222329736
8.248,0.4451499374851264,0.18149474644087488,0.41570557350863313,0.7720686927503336
8.268,0.44397383432047915,0.18329267662490856,0.41508081886441855,0.7726570668448534
8.288,0.44282279106401295,0.18514545228296567,0.414428846123332,0.7732256260071166
8.304,0.44191896469816305,0.18666327109990963,0.413884650741442,0.7736691461749138
8.324,0.44080552348638363,0.1885961320496606,0.4131821223484302,0.7742109035730828
8.344,0.4396605066264048,0.19052961904989954,0.4124999401291416,0.7747521555769742
8.368,0.4382539404172854,0.19283170095309443,0.4116924176063187,0.7754087774211247
8.384,0.43730270280876504,0.19437272025451208,0.41115214944981104,0.7758476021357612
8.404,0.43610688644004536,0.19631798147273238,0.41046577733065115,0.7763941520840981
8.424,0.43490545370559336,0.19829650499840348,0.4097667069516422,0.7769343526428454
8.44,0.4339455640307957,0.19990382579036745,0.40918834320405056,0.7773638836981643
8.46,0.4327494870614003,0.20194604315302703,0.40844062786838337,0.7778958353207783
8.484,0.43132075256933883,0.20445287999280085,0.4075026864244382,0.7785261645073559
8.508,0.4298999738865348,0.20702468790253994,0.40652176897104875,0.779144943129237
8.524,0.4289617450119071,0.20877535834843328,0.4058367811445926,0.7795519085558185
8.54,0.42803331892863167,0.2105556384457606,0.4051248384597959,0.7799536308451694
8.56,0.42689119848833246,0.21282887481104384,0.404191472373299,0.7804466851493219
8.58,0.4257728864127529,0.21515796084562536,0.4032048001691335,0.7809291838579697
8.608,0.4242494008178833,0.21851751551347973,0.40173374586028243,0.781583353684397
8.628,0.4231892633745191,0.22098970274193372,0.4006280646580464,0.7820304037918935
8.652,0.42196199813294094,0.22402777859704745,0.39923139862938545,0.7825432364393377
8.672,0.42094878972804106,0.2265941734568116,0.3980303216526959,0.7829617232195795
8.688,0.4201137257800477,0.22865073282491286,0.39706426279829116,0.7833027964958933
8.708,0.4190511705106866,0.2312350692175306,0.39584135930872183,0.7837321465387336
8.724,0.418195138893582,0.23331594236631492,0.3948437787719678,0.7840758172578526
8.74,0.41734016250984174,0.23541287700319175,0.39383109106910597,0.7844138179587714
8.756,0.41649495691614985,0.2375246233947839,0.3927882845416905,0.7847492387198453
8.776,0.4154573420395953,0.24018811495708384,0.39144245135739725,0.7851609221389391
8.8,0.41424449115215833,0.24342932778796483,0.3897758642360032,0.785632509244536
8.82,0.41326834309356864,0.24616955923459,0.38834390856921136,0.7860018024025976
8.84,0.41232530918966553,0.24894826234857195,0.3868774309312398,0.7863449977658133
8.86,0.411417316069711,0.2517593537361968,0.38537849579598643,0.7866615757886939
8.876,0.4107172272026109,0.25402707421372334,0.3841588571788006,0.7868948959654601
8.896,0.4098751258721321,0.25688650209167196,0.3826076598210551,0.7871614096744486
8.916,0.40907697299526424,0.25976482619564295,0.3810157548924139,0.7874041273452554
8.932,0.4084689862242895,0.26208817424997205,0.37972456651141007,0.7875735710388836
8.952,0.40774221427972207,0.26501347573488626,0.37809440822137136,0.7877555222560584
8.972,0.4070019233988465,0.2679348160958679,0.3764788017880313,0.787923905258345
8.996,0.40608700867863834,0.2714016619489801,0.3745641869734775,0.7881219125938987
9.016,0.4053112416459729,0.27428394478941237,0.372983517856345,0.7882730557577521
9.036,0.40453097082802875,0.27717392135667734,0.3714248300292974,0.7883989514188884
9.056,0.4037513248762821,0.2800797994543498,0.3698921808045054,0.7884921991864887
9.076,0.4029788389706913,0.2829868126601324,0.36836592731651024,0.7885639243552423
9.1,0.4020673647354587,0.286480643523091,0.3665410888988514,0.7886179716758448
9.12,0.4013193036501322,0.28939493376469483,0.36504087050585743,0.7886308082299516
9.144,0.40044720664241634,0.29289219075038003,0.36324521456359243,0.7886121438238055
9.164,0.39974338054151354,0.29580362032769464,0.3617536230100055,0.7885681734342356
9.188,0.39892180608549277,0.29931173967696884,0.3599953032075221,0.7884651271867129
9.204,0.3983925768268357,0.3016467865886436,0.3588261390503247,0.788375781467351
9.22,0.3978780961742891,0.3039776418215815,0.3576588445745851,0.7882707433077079
9.236,0.3973782895897943,0.30630361280661644,0.3564977298283059,0.7881484380315475
9.252,0.39689153574810143,0.30862825391241466,0.35534247318154316,0.7880085256465896
9.268,0.3964197755834607,0.31094651527932027,0.3541892833233703,0.7878537794165129
9.284,0.3959629706918957,0.3132569875978738,0.35304062555971066,0.7876837577774234
9.304,0.3953755428806343,0.31612437920645664,0.3516264666194844,0.7874657992166219
9.324,0.394729909231743,0.318959512346268,0.35026007284138144,0.787255364932422
9.344,0.39404901027654315,0.3217620161235334,0.3489161587100612,0.7870527915401935
9.368,0.39319289524960793,0.3250999503728453,0.34733324807156923,0.7868093696549745
9.384,0.3926151100880603,0.3273104434297541,0.3462889656561189,0.7866417235420287
9.408,0.3917603490101119,0.33060889838689267,0.344729441935608,0.7863734463431767
9.428,0.39107210104365714,0.333343208295893,0.3434349556356987,0.7861280738631626
9.448,0.39041413881363235,0.3360635379984211,0.3421483281778326,0.7858578880227061
9.472,0.3896781144299402,0.33931381099114727,0.34061368708061257,0.7854931068942241
9.488,0.3892239222192335,0.3414740644251088,0.3395961287083735,0.785222688836459
9.504,0.38880277665511276,0.3436279904606288,0.33858271469114937,0.7849292645516768
9.52,0.3884155104279152,0.34577534139021743,0.33757520439634764,0.7846118696032229
9.54,0.38798120553371884,0.34844985414034474,0.33632887967935826,0.7841786582124015
9.556,0.3876787098733942,0.3505805121344857,0.3353398950786719,0.783802065059188
9.58,0.3873037166431159,0.35376279640820796,0.333871887895992,0.7831840635665667
9.6,0.387065310718837,0.3564017471968002,0.3326717656307447,0.7826159570219108
9.62,0.3869092382140436,0.35901135962628694,0.3314775336596177,0.7820068604065122
9.64,0.3867766243247774,0.3615928112341349,0.33031279714126865,0.78137567007454
9.656,0.3866518893774106,0.36362774548411897,0.32940981971113864,0.7808740934573837
9.684,0.38640561364175674,0.36713081168601114,0.32788422961521874,0.7799984620667803
9.704,0.3862185012105772,0.3695975249934648,0.3268310313784938,0.779367959162699
9.724,0.386033033934831,0.3720387753496379,0.32580291609684425,0.7787285189398191
9.74,0.38587339720761127,0.3739867841916992,0.32501416405528116,0.7782039576748858
9.76,0.3856736721100363,0.37640309352848916,0.3240503350703179,0.7775396518275826
9.776,0.3855206551080178,0.37832217821434005,0.32329232315813916,0.7769995030521288
9.796,0.3853460463222004,0.3807071459324448,0.32235673507102186,0.7763096218482493
9.812,0.38522569943629226,0.38259942659677054,0.3216119033361766,0.7757477830417071
9.832,0.38510012280438694,0.38495069685142314,0.32069090465546707,0.7750278705188014
9.848,0.38501871903262325,0.38681892093854736,0.31996174754083995,0.7744392736096406
9.868,0.38496160086683046,0.38912876577820876,0.3190459843447387,0.7736879405648456
9.884,0.38493994876537696,0.3909671351221109,0.3183228682081657,0.7730695225363919
9.9,0.3849400944550168,0.39279519574572247,0.31760520393322034,0.7724376947784073
9.924,0.3849704954743114,0.39551598322836307,0.3165424041526591,0.7714698509977036
9.948,0.38494128334824185,0.3981933496163311,0.3154997620920185,0.7705336883066273
9.972,0.38482365746758224,0.40082151072453426,0.31447101059411026,0.7696498247188094
9.992,0.3846759166852354,0.40298069723444147,0.3136203238563066,0.7689429687844753
10.008,0.384528162865,0.4046949422733577,0.3129455311497166,0.7683913001820449
10.024,0.3843598679770029,0.4064014856038689,0.3122740406309513,0.7678478025857001
10.04,0.3841724076573052,0.40810494909201983,0.3116078516544855,0.7673085810211334
10.056,0.3839717966288275,0.4098031110500077,0.3109420100281611,0.7667738492978308
10.072,0.3837620797834734,0.4114962669455199,0.3102764247247287,0.7662414950067663
10.092,0.383488736110468,0.41360693411641203,0.30944288959522537,0.7655787297242362
10.112,0.3832061156066166,0.4157175145675563,0.308604456319267,0.7649152309788004
10.128,0.38297852469204846,0.41740822531130223,0.30793168142885863,0.7643794232183171
10.144,0.3827601703527559,0.41909728892447967,0.3072539904900192,0.7638370897878942
10.164,0.3825108066537511,0.4212022839869872,0.30639098747485133,0.7631504973145385
10.188,0.3822530604091578,0.4237171855673351,0.305328894184267,0.7623126726212427
10.204,0.38210574990149854,0.4253911550765529,0.30461351065966935,0.761740224878824
10.22,0.3819825023309702,0.42706359502668123,0.30389145442315335,0.7611544111705835
10.24,0.3818858363324468,0.42913671698600714,0.3029732044869005,0.7604026061936388
10.256,0.3818425690323711,0.43079611095530873,0.30223448185152685,0.7597797583777021
10.272,0.3817980592984319,0.4324524766887742,0.30148890940305145,0.7591571213053693
10.292,0.38171288809420595,0.43451825985526066,0.3005464205307936,0.7583936985637894
10.308,0.3816290701496165,0.43617666226439356,0.29979272189888323,0.7577819580915682
10.332,0.38150717735860906,0.4386692945549003,0.2986410279676406,0.7568586790497973
10.352,0.3814258481154278,0.44075272836210966,0.29766047900486414,0.7560751246201517
10.372,0.38137383400471886,0.44284464145811536,0.2966633253942938,0.7552704771367498
10.392,0.3813639338562054,0.444947701246327,0.2956459254281363,0.7544379231501225
10.412,0.38141014691060954,0.44705656852496917,0.2946048650059903,0.753574613351
10.432,0.3815294116089957,0.44917232748322833,0.29353981399834467,0.7526711804622322
10.452,0.3817294467910745,0.4513027813830174,0.2924573590646189,0.7517161180242722
10.472,0.3820224751606588,0.4534419621757135,0.2913498396356232,0.750709322144503
10.488,0.382334417737656,0.4551529125637274,0.29044189810733323,0.7498664701276975
10.508,0.38282390518477555,0.45729425938474394,0.28928458936733115,0.748760471918364
10.536,0.3836858572514316,0.46029472899521073,0.2876262985366584,0.7471178205574811
10.556,0.38441626233870474,0.46243583090350576,0.2864177290134906,0.7458834520572761
10.576,0.3852321982995487,0.46457160146843246,0.28518787551235053,0.7446054365656385
10.596,0.3861170453289567,0.4666972961017643,0.2839284859348234,0.7432979725470111
10.62,0.3871974266912145,0.4692244951859366,0.2823490985301784,0.7417449106265579
10.636,0.3878897339932054,0.4709099365043488,0.28127507760405335,0.7407224289050415
10.656,0.38875141239695216,0.4730111653723172,0.2799047444491147,0.7394498703951291
10.672,0.3894453079250416,0.4746886423093944,0.2787924347626385,0.7384292947308858
10.692,0.39031286395024367,0.4767807496407983,0.2773934806578352,0.7371491313807866
10.708,0.3909992887856088,0.4784501288965096,0.2762742174656894,0.7361233504595425
10.728,0.3918289669808043,0.480553180495255,0.27491706257434584,0.7348192363133562
10.744,0.3924926073099917,0.482222265717851,0.27383562717828686,0.7337746854047373
10.764,0.39331939786204556,0.4842976959049249,0.27249818007477106,0.73246183167627
10.784,0.39414512907746385,0.4863563144256854,0.2711804159470985,0.7311418020121212
10.8,0.3948065460710189,0.4879912963692464,0.27014191598698,0.7300791950701091
10.816,0.3954712079372839,0.48961363251684803,0.26911419650488666,0.7290120463927958
10.836,0.39631216433023164,0.49162251943894136,0.267847264915546,0.7276687498179764
10.852,0.3970043037104168,0.4932049814355791,0.26683668233887425,0.7265910913856017
10.876,0.398093567920596,0.4955233497678147,0.2653131067993086,0.7249738453045271
10.896,0.39901659165458764,0.4974260080469269,0.26406940810587876,0.7236162476101995
10.912,0.3997662010183011,0.49892776852759174,0.2630928447083962,0.7225235092221683
10.928,0.40053153585238593,0.5004073962436503,0.26213092467865157,0.7214251900921498
10.948,0.4015092734958727,0.502228492656866,0.2609574591615395,0.720040310655162
10.968,0.40250271911043667,0.5040236270109085,0.2598194832450606,0.718641482694774
10.988,0.40346593813092374,0.5057959790496462,0.25869854025152744,0.717259178830827
11.004,0.404200981851333,0.507196779284202,0.25780287605011987,0.71617782041504
11.028,0.4052630134603017,0.5092840509586636,0.25648217637955156,0.7145687780471641
11.048,0.40613165988110694,0.5110061774341672,0.25540903405762094,0.7132292666373767
11.064,0.4068254582150369,0.5123717304439136,0.25457101482419225,0.7121529714895641
11.084,0.4077025955964505,0.5140635670486793,0.2535499894209866,0.7107950797815943
11.108,0.4087842101573374,0.5160668992683128,0.2523645727301709,0.709142120760253
11.124,0.4095306472060313,0.517382070087221,0.2515994665811904,0.7080241175040096
11.144,0.4104910631600912,0.5190170603471455,0.25068422583258276,0.7065945068092622
11.164,0.4114919203593843,0.5206285286443899,0.24980416352688692,0.7051370182632282
11.188,0.41275068966912754,0.5225290508311613,0.24879625624179483,0.7033496158349789
11.212,0.41406968202484945,0.524395220183765,0.24784339564075536,0.7015194956047344
11.232,0.4152006197822614,0.5259321856098785,0.24709267795626372,0.6999635633177234
11.256,0.41659742709858805,0.5277516364627286,0.24623725748589798,0.6980630393965663
11.272,0.4175541988281796,0.5289452106715375,0.24569546153311475,0.6967777230441783
11.292,0.4187847142723604,0.5304118396722429,0.24505148812442776,0.6951492009600011
11.312,0.4200473422496426,0.5318514577211128,0.24443757615516107,0.693501642789928
11.336,0.4215338583241062,0.5335655902968793,0.24370508220485446,0.6915379960964259
11.356,0.4227708281999025,0.5349734135582517,0.24309574035574402,0.6899077725536168
11.376,0.42402505553137987,0.5363575967050153,0.24249836772124822,0.6882716196320758
11.392,0.42504590674334997,0.5374471221045051,0.2420371577896867,0.6869531151042253
11.412,0.4263524356324011,0.5387798587771867,0.2414794827476717,0.6852937500213109
11.432,0.4276993430555756,0.5400735374603889,0.2409454799835617,0.6836220606156169
11.456,0.4293607594586009,0.5415843329090348,0.2403553886375423,0.6815900789605915
11.476,0.43077555320656286,0.5428118857839613,0.23990695979191182,0.6798767020972564
11.496,0.43221298569477645,0.5440088467309067,0.23949534279533513,0.6781506399426759
11.512,0.43337135451002706,0.5449482028811451,0.23919472432868072,0.6767618555445344
11.532,0.4348254295811089,0.5461019340699557,0.2388543259819708,0.675017136341261
11.556,0.4365697193050554,0.5474575252720278,0.23849686760444616,0.672916326411984
11.58,0.4382814782818739,0.5488037635389614,0.23821757678768057,0.6708026244954118
11.6,0.43968599582543066,0.549907876058539,0.2380213116899035,0.6690466412031404
11.628,0.4415311023271183,0.5514658081124487,0.2377472893211931,0.6666423138243691
11.644,0.44250357461919665,0.5523731178917942,0.23758450296562725,0.6653030354885712
11.668,0.443880456704855,0.5537460683265167,0.2373430605644674,0.6633277497363619
11.688,0.4449669479875475,0.5548933047565282,0.23714755660511233,0.6617090538380527
11.708,0.4460077253673751,0.5560398080314356,0.23696273321064543,0.6601102209982245
11.724,0.44682338409165273,0.5569436412615253,0.23681094624512636,0.6588499219289056
11.74,0.4476052479861103,0.5578569229479763,0.23667442504527542,0.6575944130113918
11.76,0.4485584230826953,0.5589940076957732,0.23651665634743257,0.656034230594726
11.78,0.4494927201913563,0.5601230803970968,0.23637649449428086,0.654480390960675
11.796,0.45023335743231796,0.5610191308507492,0.2362746380444608,0.653239430906962
11.82,0.4513332506373368,0.5623519136512636,0.23615009251051028,0.6513768155907717
11.84,0.4522474798607889,0.563449146626255,0.23607533465627,0.6498197538492043
11.86,0.4531659074479295,0.5645330214088665,0.23602727094250925,0.6482547766405599
11.876,0.4539049435686439,0.5653904174387655,0.23600907351020675,0.6469959005227303
11.892,0.45464723243132826,0.5662399984806935,0.2360081937535634,0.6457308190293372
11.92,0.45596101888075224,0.5677092192494522,0.23604689037402993,0.6434964313694013
11.936,0.45671305717791766,0.5685464673419053,0.23609770914054004,0.6422039937705377
11.956,0.45761647126176724,0.5696103150558358,0.23615528337194058,0.6405949862022323
11.984,0.4587928973692836,0.5711469795640289,0.23619559199513,0.6383665462572854
12.0,0.4594387530041181,0.5720432294143328,0.23620416120667356,0.637095102906853
12.02,0.4602328954192167,0.5731796401915056,0.23620357749163412,0.6354987427400107
12.04,0.4610239525147134,0.5743269888312037,0.236194076795672,0.6338909868379845
12.056,0.46166114825434146,0.5752501197166623,0.23618240059132506,0.6325932007296375
12.072,0.46230680343467395,0.5761761215564382,0.23617023362499318,0.631282121713985
12.088,0.46296511739618923,0.5771039926805178,0.23615927924839838,0.6299548210240277
12.112,0.4639870348741522,0.5784927589516085,0.23614767754500782,0.6279302777373836
12.128,0.46469472125367856,0.57941420990627,0.23614592902233014,0.6265565334459768
12.144,0.4654204725854789,0.5803365893008591,0.23615356794174042,0.6251597549149667
12.164,0.4663546209895417,0.5814870183545202,0.2361761606357801,0.6233835385332316
12.18,0.4671238423393237,0.5824039181475911,0.23620383883797794,0.6219394975097524
12.196,0.46791146565751496,0.5833165994090209,0.23623929322561016,0.620476914555567
12.224,0.4693347185115511,0.5849017989711492,0.23631877307620025,0.6178739718192992
12.244,0.470390757715798,0.5860179614373301,0.23638844353519475,0.6159837560288431
12.268,0.4716921834803058,0.5873459155164674,0.23649237417991256,0.6136795715391319
12.284,0.4725549303046279,0.5882432887555925,0.23656653246608067,0.6121257606046062
12.308,0.47379120802971075,0.5896444828851285,0.23663957026293767,0.6097892986783624
12.324,0.47459016942806537,0.5906055034460104,0.2366614371641782,0.6082274858479437
12.344,0.4755715805977647,0.5918302424534327,0.23666927235192145,0.6062642092105279
12.364,0.4765488781715443,0.5930695602341305,0.23665709553124173,0.6042872517039015
12.388,0.47772303878102707,0.5945679120225439,0.23663382160782295,0.6018921254529345
12.412,0.4789115178485741,0.5960681180208375,0.23661247148643233,0.5994673428037212
12.436,0.4801185809645468,0.5975670206390536,0.2366149851343847,0.5970034781029417
12.46,0.4813542570776939,0.5990477821376569,0.23665499072516236,0.5945033635514683
12.476,0.48219827187849995,0.6000166512653317,0.2367076503653129,0.5928189715758586
12.5,0.48348425425073616,0.6014466297695285,0.23684022978187327,0.5902640366711789
12.516,0.48436623106917936,0.6023761172528794,0.23696268839277712,0.588541461473065
12.532,0.48526902143124223,0.6032845861053818,0.23711338274259489,0.5868039951561224
12.548,0.4861931756503538,0.6041712539125943,0.23729375462104807,0.5850512506734376
12.568,0.4873715084124939,0.6052552755429179,0.2375661894604002,0.5828356284926843
12.584,0.4883321566304658,0.6061024875402531,0.23781680952884326,0.581046163831823
12.6,0.48931092939031523,0.6069288611008777,0.23809256522740493,0.5792444236463666
12.62,0.4905456962392569,0.6079471295022203,0.2384553008733013,0.576978575959781
12.64,0.49174731952496054,0.6089944244878296,0.23880174135689702,0.5747034826827373
12.656,0.49269536760000815,0.6098460890580841,0.2390710958770241,0.5728734882347157
12.672,0.4936472429682494,0.6106975919462563,0.23933839728298298,0.5710323828706242
12.692,0.49485309031986957,0.6117520008220159,0.23967844887319434,0.5687127127442069
12.716,0.49633043697785034,0.6129995841548206,0.24011740838749637,0.5658897749073274
12.736,0.4976055816034738,0.6140055804637333,0.24051437132798031,0.5635056960680778
12.756,0.49892764595551586,0.6149753312200504,0.24093992272305803,0.5610922381661358
12.772,0.5000202512463142,0.6157243565700077,0.2413026123748197,0.5591389043262063
12.788,0.5011434276359886,0.6164498947580265,0.24168281908025527,0.5571662293709942
12.812,0.5028857467139788,0.6174959848755335,0.24228550025372014,0.554168179149005
12.828,0.5040867174254506,0.6181623598594945,0.24271133244464996,0.5521440819850533
12.848,0.5056274307984966,0.6189619620889101,0.24328217253237636,0.5495823643814322
12.864,0.5068936524008418,0.619568959927662,0.2437653031092993,0.5475140236102826
12.884,0.5085160229860135,0.6202924123651368,0.2443959210504604,0.5449031210248523
12.904,0.5101801476573194,0.6209815197615285,0.2450542730884695,0.5422606128902411
12.924,0.5118543901214825,0.6216762433057169,0.24569729254328712,0.5395892625502801
12.944,0.5135266997492525,0.6223953056117054,0.2462943731733714,0.5368924416866838
12.96,0.5148678340759969,0.6229830607976363,0.2467436595960817,0.5347156121175379
12.98,0.5165607898307202,0.6237185935196365,0.24727387226410982,0.5319734002775529
12.996,0.5179477160340331,0.6242881871294341,0.247664506256516,0.5297704363273675
13.012,0.5193481003647848,0.6248568370247212,0.24804217384533078,0.5275476887116776
13.028,0.5207625077543543,0.6254237246098363,0.2484079584404272,0.5253047319375818
13.052,0.5229149961940479,0.6262661286101389,0.2489339792790033,0.5219027848856229
13.068,0.5243751896520282,0.626818450234722,0.24927137164127244,0.5196085778764815
13.088,0.5262219797177446,0.6275018710922448,0.2496852361173719,0.5167098922051732
13.108,0.5280865757345365,0.6281797908519565,0.25009255451454676,0.5137785837017268
13.128,0.5299654275618909,0.6288505588468634,0.2504964763543501,0.5108181041830687
13.152,0.5322392986936451,0.6296410861165156,0.2509752379651981,0.5072325517239837
13.172,0.5341472349249142,0.630287579024006,0.25137034967470967,0.5042194427573575
13.192,0.5360674187998693,0.6309221782211134,0.2517613577083889,0.5011837450424741
13.212,0.5379973232522437,0.6315454535153429,0.25215260493117136,0.4981247676475698
13.232,0.5399395340488802,0.6321520600418314,0.25254654051344483,0.49504476305748146
13.256,0.5422866143363418,0.6328535054529701,0.25302527267418057,0.49132461767722546
13.272,0.5438605853237709,0.6333012345717507,0.2533506895987255,0.48883395759811116
13.296,0.546219994883846,0.633963325193456,0.2538189944024371,0.48508776275977455
13.316,0.5481643016918323,0.6345376495776577,0.25415416077319203,0.48195801910627245
13.336,0.5500982148017232,0.6351159100366022,0.2544598130543794,0.4788214055685754
13.356,0.5520254569591362,0.6356861465907366,0.2547557615661582,0.4756790092599465
13.376,0.5539496241388847,0.6362364706923502,0.25505043060283433,0.4725380885459283
13.396,0.5558704844255525,0.6367583872227157,0.2553541201521054,0.46940497884808574
13.424,0.5585401388416437,0.6374454585059144,0.25582569340830286,0.4650262522966881
13.444,0.5604473108911301,0.6378834412854479,0.2561954643381073,0.46191710414458254
13.468,0.5627321529130667,0.6383450135365822,0.2566837835344245,0.45821567306374245
13.488,0.5646265708146183,0.6386741324251711,0.25713324803726584,0.4551644547357427
13.504,0.566135008609938,0.6388999449184913,0.2575219735991249,0.4527476620845056
13.528,0.5683849675937473,0.63917309376468,0.2581572429422164,0.4491671434301666
13.552,0.5706148835373284,0.639371774776547,0.2588525267065762,0.44564308333282904
13.576,0.5728186533502753,0.6395019763215283,0.25960219174607385,0.4421795050604125
13.596,0.5746312708151367,0.6395628071677261,0.26026474168101277,0.43934107766840447
13.62,0.5767872057714575,0.6395704025963866,0.2611004664290678,0.435996291052543
13.64,0.5785382170557105,0.6395820729703053,0.26177801543190266,0.4332442428671629
13.656,0.5799056169886302,0.6396055635135941,0.262293583954803,0.43106411857592464
13.672,0.5812473550038497,0.6396323092616838,0.26279699870396966,0.4289053027438342
13.696,0.583202542418729,0.6396844849855635,0.26354712760574217,0.425701146011903
13.716,0.5847853044230413,0.6397280649047493,0.26416594120946474,0.42307269612797466
13.732,0.5860195643019332,0.6397599084953872,0.2646610755162045,0.4210021910203701
13.752,0.5875251763312562,0.6397896468013557,0.26528664650288325,0.4184571306716818
13.772,0.5889950518385288,0.6398008196798712,0.2659204415747317,0.4159640114233361
13.788,0.590141922662808,0.6397984043536578,0.26643785365965583,0.4140065012045025
13.804,0.5912633089650168,0.6397862917593733,0.26696312012872014,0.41208238598570074
13.82,0.5923697166454561,0.6397536538652455,0.2674903819235983,0.41019785073281073
13.84,0.5937344949545517,0.6396811280108348,0.268159739273755,0.4078942978278581
13.856,0.5948038056837642,0.6396071405355549,0.2687106576087116,0.40608585423224947
13.88,0.596369918248572,0.6394707542838179,0.26956658298969244,0.40342772879307354
13.904,0.5978956257452478,0.6392950512254632,0.27046093300499524,0.4008410431971739
13.92,0.598888319910072,0.6391658828386761,0.27106929464849616,0.39915058811069515
13.94,0.6000930598218346,0.639028622689195,0.2717979257717548,0.3970599784463176
13.96,0.6012658612915569,0.6389075128012355,0.27249788491762944,0.3949955149705876
13.976,0.6021895250712103,0.6388088286204229,0.2730441478586955,0.3933674486929905
13.992,0.6030904193300369,0.6387127536674158,0.2735946203557255,0.39175751189647107
14.016,0.6044099134985874,0.63854756222225,0.27444200298460064,0.3893934440157571
14.032,0.6052701835199886,0.6384124525968178,0.2750323131854104,0.3878592167460736
14.048,0.6061181233818516,0.6382490124746834,0.2756516500817997,0.386361471151479
14.072,0.607364990725096,0.6379451614778222,0.2766495873281968,0.38418582069055834
14.088,0.6081820560205211,0.637694369995175,0.2773691438660513,0.38278823811883567
14.104,0.6089877193535232,0.6373995511406199,0.2781388880304145,0.381437450766879
14.124,0.6099797458508375,0.6369677806639925,0.27917357760700295,0.37981425672799907
14.148,0.6111447040595221,0.6363548861583891,0.2805275020382056,0.3779668373846406
14.172,0.6122787723002074,0.6356389116499215,0.28200100885895335,0.3762357106782752
14.192,0.6131897376227542,0.6350166689973065,0.28325901142073506,0.3748553163804018
14.212,0.6140660604446636,0.6343781653360007,0.28453947102631166,0.3735297928987288
14.228,0.6147422146992368,0.6338182835709099,0.28563025542059234,0.37253422670443387
14.244,0.6153868206631821,0.6332120948045331,0.2868034919827599,0.3715982520596814
14.264,0.6161578973682849,0.6324132461101779,0.28832859311224157,0.37049906079367756
14.284,0.6168837217431128,0.6316047529161469,0.2898782677501548,0.369459740470147
14.304,0.6175655519580544,0.6307773757898556,0.2914628967577815,0.3684861883978417
14.32,0.6180797498458328,0.6300991529961446,0.2927591340253646,0.3677561279826249
14.34,0.6186836770343779,0.6292269286240707,0.2944189943845003,0.3669079391498092
14.364,0.6193474728246884,0.6281396529688756,0.2964851249709529,0.3659861403725157
14.384,0.6198420522046134,0.6271959784122016,0.2982849753247417,0.3653041314820469
14.404,0.6202897285000503,0.6262105810800936,0.30014969498656724,0.3647068980155656
14.424,0.6206890404138228,0.6251840208732409,0.3020803070935485,0.36419437560347134
14.44,0.620971762355705,0.6243330744083748,0.30367259810085406,0.3638478194510911
14.464,0.6213346977501844,0.6230058356294027,0.30614023249688993,0.3634351113887417
14.484,0.6215743115060718,0.6218616462126121,0.30827002351975774,0.36318460986751744
14.508,0.6217807552322735,0.6204489465234705,0.31091507512084093,0.3629925801491006
14.528,0.6218942289016929,0.619223693685421,0.3131901758899554,0.36293456567730176
14.548,0.6219489226177385,0.6179583989248841,0.3155363888870101,0.36296520789322717
14.568,0.6219439449695773,0.6166428901941563,0.31796595114770165,0.3630908002131349
14.592,0.621857946936939,0.6149939453705326,0.32099910160344547,0.3633658180934778
14.612,0.6217215209169026,0.6135583753189084,0.32362689993815075,0.3636950647743482
14.632,0.6215252629792127,0.6120748543381551,0.32633496780738236,0.36411016046205225
14.652,0.6212707337691016,0.6105929777451364,0.3290669939397994,0.36457345541022795
14.672,0.6209553868804469,0.6091126405144457,0.3318297373018369,0.3650824894621324
14.692,0.620578872301283,0.6076048433381206,0.3346500300987631,0.36566046403764085
14.712,0.6201343467407594,0.6060510293430287,0.3375526998031208,0.3663246056167825
14.736,0.6194990928553259,0.6041265761948251,0.34115128532574374,0.3672434538656061
14.756,0.6188813343192306,0.602467655822336,0.3442533906520533,0.3681144125727119
14.772,0.6183308209287467,0.601100157566762,0.34680306706634073,0.3688810501180227
14.788,0.6177286103574955,0.5996948885885781,0.34941599912389404,0.3697105139197174
14.812,0.6167313315822713,0.5975081414616787,0.35345272429662217,0.3710763495819493
14.828,0.6159996985245471,0.5959965226745653,0.35622644315347785,0.3720688613357961
14.848,0.615008601990156,0.5940489793714204,0.35978432295240365,0.3733972021099892
14.876,0.6134663862103251,0.5912201613976639,0.36493606538584017,0.3754189418871486
14.9,0.6119952157511511,0.5887092263839745,0.36950940029330737,0.37728782880310957
14.92,0.6106682411448954,0.5865528232522438,0.3734224289063411,0.37894033089856094
14.94,0.609248533658133,0.5843421738462391,0.3774240612352067,0.380672465645717
14.96,0.6077374868310499,0.5820768976085124,0.3815077863799213,0.3824832562377355
14.98,0.6061503563697124,0.5797892982985866,0.38562885663962826,0.3843390430051524
14.996,0.604831142925248,0.5779505584677213,0.3889404561417245,0.38584681168937324
15.016,0.6031093290808043,0.5756399457097575,0.3931141619116427,0.38776158368703384
15.036,0.6012949297544156,0.5733140516226793,0.39734367096591017,0.38970939532805055
15.056,0.5993929951185053,0.5709564288932683,0.40162695057088016,0.3917047182297523
15.08,0.5969835971740425,0.5680891023044913,0.40684265727507646,0.3941629216065009
15.104,0.5944170712982833,0.5651904240054243,0.4121503025052725,0.3966865993533849
15.12,0.5926255787729927,0.5632289049995529,0.41572764020061787,0.3984201966896331
15.14,0.5902926982971144,0.560749160031905,0.42024630890893344,0.40063443400317217
15.156,0.5883562046348145,0.558738879109497,0.42389025940467706,0.40244861711902413
15.176,0.5858405182975776,0.5562035404754346,0.42848239873969074,0.40476084624590103
15.192,0.5837525770569357,0.5541607314533253,0.43218066324990073,0.4066431934846293
15.208,0.5815963947719412,0.5521086303588029,0.43589730227272266,0.40855261074061194
15.224,0.5793722836516209,0.5500530727844942,0.43962935196405367,0.41048192036715575
15.244,0.5765051868862303,0.5474656549870367,0.44430836610258106,0.41293244231247145
15.264,0.5735402951682445,0.5448829357948554,0.44899213888196354,0.4154036294016967
15.284,0.5704932257356603,0.5423354656257056,0.45364826611211945,0.4178671712012536
15.304,0.5673633636744483,0.5398234816531475,0.4582798138534512,0.42032015705927755
15.32,0.5648004519988883,0.5378378450343445,0.46196733204128304,0.4222760779363698
15.34,0.5615219132185079,0.5353845238085233,0.4665547784964502,0.4247154239062617
15.356,0.5588490362464958,0.5334224530511253,0.47020051545879143,0.42668456326608506
15.376,0.5554433067902406,0.5309695412710659,0.47472766461971033,0.42917097249118846
15.396,0.5519511958028858,0.5285460494449825,0.4792331430269429,0.43165327022088484
15.42,0.5476480995545997,0.5256857452232128,0.48460561936133617,0.43461874097508324
15.444,0.5432306205116398,0.5228883758444652,0.48992635400798634,0.43756188932963214
15.468,0.5387046066015699,0.5201735961798803,0.49518850574823325,0.4404601235507823
15.488,0.5348565015182563,0.5179743873150933,0.49952043645703614,0.4428435281574942
15.504,0.5317371491479896,0.5162518773792311,0.5029419153004651,0.44473478968064534
15.524,0.5277840337028674,0.514156163459567,0.5071727303345959,0.44706070611251564
15.544,0.5237744422974203,0.5121264644544489,0.5113535685416352,0.44933767474044245
15.564,0.5197108301594492,0.5101643519553353,0.5154833109218298,0.45156388603390013
15.596,0.5131135064965883,0.5071798230023286,0.5219726371986616,0.45500299186486354
15.612,0.5097851678532052,0.505757175713704,0.5251523102623631,0.4566659751690285
15.628,0.5064415100621471,0.5043924123575464,0.5282873477746134,0.45827695711586025
15.652,0.5013949423083174,0.5024444745660634,0.5329122192779773,0.4606052847611419
15.672,0.4971563505955748,0.5009020818060905,0.5367073048908569,0.46246938966985396
15.688,0.4937468467399571,0.4997183161723717,0.5397066700407592,0.46390986854098487
15.712,0.4884992636809969,0.4979037186348431,0.544255618661208,0.4660967473694969
15.732,0.4830060922793518,0.4951873652927308,0.5491185300300203,0.46900258853565363
15.756,0.47349955173965824,0.48876148773538025,0.5576615898522714,0.4753145630132506
15.776,0.4632754722011043,0.4810387240410257,0.5666306565990236,0.4826046848425584
15.796,0.4516240348613251,0.4719908023455819,0.5764225230517984,0.49091495042965366
15.824,0.4343125004919224,0.4586865073603508,0.5900580336197322,0.5028030000336431
15.844,0.42203200919618006,0.44959127172704916,0.5990739605743545,0.510751467313063
15.86,0.4126194026328744,0.4429273690864079,0.6056162114401255,0.5165167748737619
15.884,0.3995180506385124,0.4342639662193476,0.6141900395173739,0.5239949715551582
15.904,0.3897383118890361,0.4284524893434863,0.6201833522400956,0.5290606035469774
15.924,0.3811297261234136,0.4240194283418921,0.6251554741823301,0.5330368555302464
15.94,0.37505598074296137,0.42142915601949715,0.6284920201948708,0.5354701283143625
15.96,0.3684796282149405,0.41933198255615384,0.6319192680032085,0.5376443905802366
15.976,0.36405153559437364,0.418563231859685,0.6340919089301411,0.5387009851447127
15.996,0.35955569904588724,0.41870798720424424,0.6361331925274243,0.5392011517976021
16.016,0.35623292280205315,0.4200810931975483,0.6374698455010264,0.5387598499579908
16.04,0.35374520778570995,0.42325897303163285,0.6382132786010193,0.5370288453464954
16.06,0.3527494993562281,0.42697621170933525,0.6382334477514943,0.534712232429291
16.076,0.3525147621954654,0.4305060034019812,0.6379471963850114,0.5323732695145686
16.092,0.35272878944995517,0.4344605539227512,0.637419118130284,0.5296444996602122
16.12,0.3539706284837487,0.4421624832595627,0.6360255495829222,0.5240883826667967
16.136,0.35509097698060343,0.4469225507321376,0.635005545709835,0.520517616062891
16.156,0.3568013672936621,0.45312711114004667,0.6335583015538565,0.5157252020014551
16.172,0.3583681200900744,0.45824615727486345,0.6322854238777738,0.5116618928527227
16.192,0.36049135031134494,0.46475628345983144,0.630591594463204,0.5063613574589415
16.208,0.36227050708916236,0.47000483937924087,0.6291782015015018,0.5019863757202888
16.224,0.36409569612058246,0.47525867019442036,0.6277204405149471,0.4975244406370609
16.244,0.3663832548104808,0.48178697138697896,0.625870465702536,0.4918646002280824
16.268,0.3690665866130837,0.48951963949624894,0.6236509106162104,0.48499476170449646
16.288,0.37119788538437926,0.4958294297726116,0.6218299600412724,0.479262774741166
16.304,0.3728060666322495,0.5007696712729997,0.6204090587349068,0.4746977700126571
16.324,0.37466926709686876,0.5067975211325424,0.6186935017263155,0.4690389789651123
16.344,0.376336509148099,0.5126412879886154,0.6170635882814923,0.4634676577160107
16.36,0.37751723385175173,0.51717581023942,0.6158271555341729,0.45909349151867845
16.376,0.37855220784488247,0.5215811331987221,0.6146594695925878,0.45480224698989863
16.4,0.3798194080600327,0.527942034596838,0.6130487630684058,0.4485372219414741
16.424,0.3807240627229513,0.5339987503174742,0.6116269625977281,0.4425008263795486
16.444,0.3811947769341748,0.5388092574348459,0.6105977625945574,0.4376591121582358
16.464,0.3814059436466297,0.5434054164970142,0.6097156302869814,0.43299758620167794
16.48,0.3813912009984466,0.5469279659715427,0.609115244465156,0.4294056017326123
16.504,0.38107532622190315,0.551953957225661,0.6083860396774649,0.424258001189575
16.52,0.38066707308263303,0.5551406686765955,0.6080236713819938,0.4209734344245074
16.54,0.379960642509823,0.5589597189524207,0.607696905170157,0.4170112878313567
16.56,0.3790426156850298,0.5626048434963773,0.6075081415706656,0.41320254536295403
16.584,0.3776708371145191,0.5667600111433376,0.6074640613002724,0.4088217738704742
16.604,0.37630954395063054,0.5700405738727388,0.6075783014920376,0.4053313198194263
16.624,0.3747702558058883,0.5731643924260535,0.6078184775754077,0.40197827420891225
16.648,0.37269605252270865,0.5767092614598401,0.608267256030394,0.3981394547412894
16.668,0.37076583768260557,0.579499000445215,0.6087897764800222,0.3950805109644329
16.684,0.36910252101870683,0.5816301435900766,0.6092989922410453,0.39271420027682796
16.704,0.3668988078823227,0.584190104837003,0.610035849331969,0.38982489493987577
16.72,0.3650465731595985,0.5861623588277437,0.6106981889083939,0.3875595574643168
16.748,0.361654939720253,0.5894635336890808,0.6119906368568462,0.38367422043482935
16.768,0.35911932659835377,0.5917158821775107,0.6130169907157903,0.38094066878740035
16.792,0.35599164059467936,0.5943360323937734,0.6143413828015096,0.37764970250572855
16.816,0.35290353184123324,0.5969288869046812,0.6156939678388123,0.3742404830581824
16.836,0.3503747946370312,0.5990794594840628,0.6168321752986234,0.37129418528130714
16.852,0.3483551844540504,0.6007762124430805,0.6177599891884048,0.36890270232741995
16.868,0.34632864472112734,0.602448204506227,0.6187043384229964,0.36649361842931544
16.892,0.3432423536913282,0.6048994471306663,0.6201692571429284,0.36286559218013453
16.912,0.34061716601804337,0.6068838660506675,0.621432472322596,0.3598521942190406
16.932,0.3379282125749119,0.6088131126127921,0.6227372287956054,0.3568605623049689
16.956,0.3346035821286631,0.6110550772770049,0.624361728027218,0.3533052050784518
16.976,0.33174457429713444,0.6128611088520249,0.6257659498106769,0.35037661842454737
